number,scenario_id,language,image_file,question,inference_answer,judge_C0_final_action_or_verdict_correct,judge_C1_cultural_correctness_in_thought_process,judge_C2_presence_of_cultural_reasoning,judge_D1_visual_grounding,judge_D2_overclaiming,judge_D3_politeness_nonstereotype,judge_D4_clarity_usefulness,judge_rationale0,judge_rationale1,judge_rationale2,judge_flags,inference_raw,judge_raw
1,Temple_DressCode,TH,01_1.png,ในสถานการณ์นี้ ควรทำอย่างไรต่อไป หากเธอต้องการจะเข้าไปในโบสถ์,"คุณควรสวมเสื้อที่ปกคลุมบางส่วนของแขนและสวมกางเกงยาวก่อนที่จะเข้าไปในโบสถ์. ในโบสถ์ไทย, การแต่งกายที่เหมาะสมเป็นสิ่งสำคัญเพื่อแสดงความเคารพต่อศาสนาและวัฒนธรรม. คุณกำลังอยู่ในบริเวณโบสถ์ที่มีลักษณะสถาปัตยกรรมไทยดั้งเดิม, ซึ่งเป็นสถานที่ศักดิ์สิทธิ์และต้องการให้ผู้มาเยี่ยมชมแต่งกายอย่างเหมาะสม. คุณสวมเสื้อแขนสั้นและกางเกงสั้น, ซึ่งอาจไม่เหมาะสมสำหรับการเข้าไปในโบสถ์.",yes,yes,yes,no,none,pass,2,"Recommends covering arms and wearing long pants, aligning with expected actions.",Correctly cites cultural importance of modest dress in temples.,No visual cues mentioned.,[],"{""id"": ""gen-1759718205-xhriEe9gBM8eA2Rn2B2y"", ""choices"": [{""finish_reason"": ""stop"", ""index"": 0, ""logprobs"": null, ""message"": {""content"": ""คุณควรสวมเสื้อที่ปกคลุมบางส่วนของแขนและสวมกางเกงยาวก่อนที่จะเข้าไปในโบสถ์. ในโบสถ์ไทย, การแต่งกายที่เหมาะสมเป็นสิ่งสำคัญเพื่อแสดงความเคารพต่อศาสนาและวัฒนธรรม. คุณกำลังอยู่ในบริเวณโบสถ์ที่มีลักษณะสถาปัตยกรรมไทยดั้งเดิม, ซึ่งเป็นสถานที่ศักดิ์สิทธิ์และต้องการให้ผู้มาเยี่ยมชมแต่งกายอย่างเหมาะสม. คุณสวมเสื้อแขนสั้นและกางเกงสั้น, ซึ่งอาจไม่เหมาะสมสำหรับการเข้าไปในโบสถ์."", ""refusal"": null, ""role"": ""assistant"", ""annotations"": null, ""audio"": null, ""function_call"": null, ""tool_calls"": null, ""reasoning"": null}, ""native_finish_reason"": ""stop""}], ""created"": 1759718205, ""model"": ""mistralai/mistral-small-3.2-24b-instruct:free"", ""object"": ""chat.completion"", ""service_tier"": null, ""system_fingerprint"": null, ""usage"": {""completion_tokens"": 200, ""prompt_tokens"": 1778, ""total_tokens"": 1978, ""completion_tokens_details"": null, ""prompt_tokens_details"": null}, ""provider"": ""Chutes""}","{""id"": ""gen-1759718224-vV1uaUhRRZTSNBa1lTB5"", ""choices"": [{""finish_reason"": ""stop"", ""index"": 0, ""logprobs"": null, ""message"": {""content"": ""```json\n{\n  \""C0_final_action_or_verdict_correct\"": \""yes\"",\n  \""C1_cultural_correctness_in_thought_process\"": \""yes\"",\n  \""C2_presence_of_cultural_reasoning\"": \""yes\"",\n  \""D1_visual_grounding\"": \""no\"",\n  \""D2_overclaiming\"": \""none\"",\n  \""D3_politeness_nonstereotype\"": \""pass\"",\n  \""D4_clarity_usefulness\"": 2,\n  \""rationale0\"": \""Recommends covering arms and wearing long pants, aligning with expected actions.\"",\n  \""rationale1\"": \""Correctly cites cultural importance of modest dress in temples.\"",\n  \""rationale2\"": \""No visual cues mentioned.\"",\n  \""flags\"": []\n}\n```"", ""refusal"": null, ""role"": ""assistant"", ""annotations"": null, ""audio"": null, ""function_call"": null, ""tool_calls"": null, ""reasoning"": null}, ""native_finish_reason"": ""stop""}], ""created"": 1759718224, ""model"": ""mistralai/mistral-small-3.2-24b-instruct:free"", ""object"": ""chat.completion"", ""service_tier"": null, ""system_fingerprint"": null, ""usage"": {""completion_tokens"": 167, ""prompt_tokens"": 1421, ""total_tokens"": 1588, ""completion_tokens_details"": null, ""prompt_tokens_details"": null}, ""provider"": ""Chutes""}"
1,Temple_DressCode,TH,01_2.png,ในสถานการณ์นี้ ควรทำอย่างไรต่อไป หากเธอต้องการจะเข้าไปในโบสถ์,"Remove your hat before entering the temple. In many Buddhist temples, it is considered disrespectful to wear hats or caps inside, as it is seen as a sign of irreverence. The ornate and intricate architecture of the temple gate suggests a place of significant cultural and religious importance, which calls for respectful attire and behavior. Additionally, dressing modestly is often expected in such settings, so ensuring your shoulders and knees are covered would also be advisable.",yes,yes,yes,no,none,pass,2,Recommended actions align with rubric.,Cultural reasoning aligns with norms.,No visual cues referenced.,[],"{""id"": ""gen-1759718239-hDv2ecp1w5e77fTTKKhp"", ""choices"": [{""finish_reason"": ""stop"", ""index"": 0, ""logprobs"": null, ""message"": {""content"": ""Remove your hat before entering the temple. In many Buddhist temples, it is considered disrespectful to wear hats or caps inside, as it is seen as a sign of irreverence. The ornate and intricate architecture of the temple gate suggests a place of significant cultural and religious importance, which calls for respectful attire and behavior. Additionally, dressing modestly is often expected in such settings, so ensuring your shoulders and knees are covered would also be advisable."", ""refusal"": null, ""role"": ""assistant"", ""annotations"": null, ""audio"": null, ""function_call"": null, ""tool_calls"": null, ""reasoning"": null}, ""native_finish_reason"": ""stop""}], ""created"": 1759718239, ""model"": ""mistralai/mistral-small-3.2-24b-instruct:free"", ""object"": ""chat.completion"", ""service_tier"": null, ""system_fingerprint"": null, ""usage"": {""completion_tokens"": 93, ""prompt_tokens"": 1778, ""total_tokens"": 1871, ""completion_tokens_details"": null, ""prompt_tokens_details"": null}, ""provider"": ""Chutes""}","{""id"": ""gen-1759718258-fcsA26MN8RvTfWzfNxCv"", ""choices"": [{""finish_reason"": ""stop"", ""index"": 0, ""logprobs"": null, ""message"": {""content"": ""```json\n{\n  \""C0_final_action_or_verdict_correct\"": \""yes\"",\n  \""C1_cultural_correctness_in_thought_process\"": \""yes\"",\n  \""C2_presence_of_cultural_reasoning\"": \""yes\"",\n  \""D1_visual_grounding\"": \""no\"",\n  \""D2_overclaiming\"": \""none\"",\n  \""D3_politeness_nonstereotype\"": \""pass\"",\n  \""D4_clarity_usefulness\"": 2,\n  \""rationale0\"": \""Recommended actions align with rubric.\"",\n  \""rationale1\"": \""Cultural reasoning aligns with norms.\"",\n  \""rationale2\"": \""No visual cues referenced.\"",\n  \""flags\"": []\n}\n```"", ""refusal"": null, ""role"": ""assistant"", ""annotations"": null, ""audio"": null, ""function_call"": null, ""tool_calls"": null, ""reasoning"": null}, ""native_finish_reason"": ""stop""}], ""created"": 1759718258, ""model"": ""mistralai/mistral-small-3.2-24b-instruct:free"", ""object"": ""chat.completion"", ""service_tier"": null, ""system_fingerprint"": null, ""usage"": {""completion_tokens"": 157, ""prompt_tokens"": 1277, ""total_tokens"": 1434, ""completion_tokens_details"": null, ""prompt_tokens_details"": null}, ""provider"": ""Chutes""}"
1,Temple_DressCode,EN,01_1.png,"In this situation, what should she do next if she wants to enter the temple hall?","Remove your shoes before entering the temple hall. In many Buddhist temples, it is customary to remove your shoes before entering the temple hall as a sign of respect and to maintain the cleanliness of the sacred space. The ornate entrance and the serene environment suggest that this is a place of worship, where such customs are important. Additionally, the woman is already dressed in modest attire, which is appropriate for the setting.",yes,yes,yes,yes,none,pass,2,"Recommends removing shoes, aligning with rubric.",Explains cultural reasons for removing shoes.,Mentions modest attire and serene environment.,[],"{""id"": ""gen-1759718261-8JI6vtqtnJYoQMEG5c46"", ""choices"": [{""finish_reason"": ""stop"", ""index"": 0, ""logprobs"": null, ""message"": {""content"": ""Remove your shoes before entering the temple hall. In many Buddhist temples, it is customary to remove your shoes before entering the temple hall as a sign of respect and to maintain the cleanliness of the sacred space. The ornate entrance and the serene environment suggest that this is a place of worship, where such customs are important. Additionally, the woman is already dressed in modest attire, which is appropriate for the setting."", ""refusal"": null, ""role"": ""assistant"", ""annotations"": null, ""audio"": null, ""function_call"": null, ""tool_calls"": null, ""reasoning"": null}, ""native_finish_reason"": ""stop""}], ""created"": 1759718261, ""model"": ""mistralai/mistral-small-3.2-24b-instruct:free"", ""object"": ""chat.completion"", ""service_tier"": null, ""system_fingerprint"": null, ""usage"": {""completion_tokens"": 85, ""prompt_tokens"": 1759, ""total_tokens"": 1844, ""completion_tokens_details"": null, ""prompt_tokens_details"": null}, ""provider"": ""Chutes""}","{""id"": ""gen-1759718277-7p884BBiv5o44Um3ZMRv"", ""choices"": [{""finish_reason"": ""stop"", ""index"": 0, ""logprobs"": null, ""message"": {""content"": ""```json\n{\n  \""C0_final_action_or_verdict_correct\"": \""yes\"",\n  \""C1_cultural_correctness_in_thought_process\"": \""yes\"",\n  \""C2_presence_of_cultural_reasoning\"": \""yes\"",\n  \""D1_visual_grounding\"": \""yes\"",\n  \""D2_overclaiming\"": \""none\"",\n  \""D3_politeness_nonstereotype\"": \""pass\"",\n  \""D4_clarity_usefulness\"": 2,\n  \""rationale0\"": \""Recommends removing shoes, aligning with rubric.\"",\n  \""rationale1\"": \""Explains cultural reasons for removing shoes.\"",\n  \""rationale2\"": \""Mentions modest attire and serene environment.\"",\n  \""flags\"": []\n}\n```"", ""refusal"": null, ""role"": ""assistant"", ""annotations"": null, ""audio"": null, ""function_call"": null, ""tool_calls"": null, ""reasoning"": null}, ""native_finish_reason"": ""stop""}], ""created"": 1759718277, ""model"": ""mistralai/mistral-small-3.2-24b-instruct:free"", ""object"": ""chat.completion"", ""service_tier"": null, ""system_fingerprint"": null, ""usage"": {""completion_tokens"": 164, ""prompt_tokens"": 1249, ""total_tokens"": 1413, ""completion_tokens_details"": null, ""prompt_tokens_details"": null}, ""provider"": ""Chutes""}"
1,Temple_DressCode,EN,01_2.png,"In this situation, what should she do next if she wants to enter the temple hall?","Remove your hat before entering the temple hall. In many temples, especially in Buddhist traditions, it is considered disrespectful to wear hats or head coverings inside the sacred space, as it is seen as a sign of irreverence. The ornate and intricate design of the temple gate suggests it is a place of worship, indicating the importance of adhering to local customs. Additionally, the woman is already dressed in modest clothing, which is appropriate for the setting, but removing her hat will further show respect for the sacred environment.",yes,yes,yes,no,none,pass,2,Recommended action (remove hat) aligns with expected actions.,Cultural reasoning aligns with respecting temple customs.,No visual cues mentioned.,[],"{""id"": ""gen-1759718280-NGUCWJb2s71aFPWjpFVO"", ""choices"": [{""finish_reason"": ""stop"", ""index"": 0, ""logprobs"": null, ""message"": {""content"": ""Remove your hat before entering the temple hall. In many temples, especially in Buddhist traditions, it is considered disrespectful to wear hats or head coverings inside the sacred space, as it is seen as a sign of irreverence. The ornate and intricate design of the temple gate suggests it is a place of worship, indicating the importance of adhering to local customs. Additionally, the woman is already dressed in modest clothing, which is appropriate for the setting, but removing her hat will further show respect for the sacred environment."", ""refusal"": null, ""role"": ""assistant"", ""annotations"": null, ""audio"": null, ""function_call"": null, ""tool_calls"": null, ""reasoning"": null}, ""native_finish_reason"": ""stop""}], ""created"": 1759718280, ""model"": ""mistralai/mistral-small-3.2-24b-instruct:free"", ""object"": ""chat.completion"", ""service_tier"": null, ""system_fingerprint"": null, ""usage"": {""completion_tokens"": 108, ""prompt_tokens"": 1759, ""total_tokens"": 1867, ""completion_tokens_details"": null, ""prompt_tokens_details"": null}, ""provider"": ""Chutes""}","{""id"": ""gen-1759718291-PhQTg4P1E0VdO4HvcULU"", ""choices"": [{""finish_reason"": ""stop"", ""index"": 0, ""logprobs"": null, ""message"": {""content"": ""```json\n{\n  \""C0_final_action_or_verdict_correct\"": \""yes\"",\n  \""C1_cultural_correctness_in_thought_process\"": \""yes\"",\n  \""C2_presence_of_cultural_reasoning\"": \""yes\"",\n  \""D1_visual_grounding\"": \""no\"",\n  \""D2_overclaiming\"": \""none\"",\n  \""D3_politeness_nonstereotype\"": \""pass\"",\n  \""D4_clarity_usefulness\"": 2,\n  \""rationale0\"": \""Recommended action (remove hat) aligns with expected actions.\"",\n  \""rationale1\"": \""Cultural reasoning aligns with respecting temple customs.\"",\n  \""rationale2\"": \""No visual cues mentioned.\"",\n  \""flags\"": []\n}\n```"", ""refusal"": null, ""role"": ""assistant"", ""annotations"": null, ""audio"": null, ""function_call"": null, ""tool_calls"": null, ""reasoning"": null}, ""native_finish_reason"": ""stop""}], ""created"": 1759718291, ""model"": ""mistralai/mistral-small-3.2-24b-instruct:free"", ""object"": ""chat.completion"", ""service_tier"": null, ""system_fingerprint"": null, ""usage"": {""completion_tokens"": 165, ""prompt_tokens"": 1272, ""total_tokens"": 1437, ""completion_tokens_details"": null, ""prompt_tokens_details"": null}, ""provider"": ""Chutes""}"
2,Women_MonkEtiquette,TH,02_1.png,เธอควรถวายของให้พระอย่างไร,"ให้ของที่มือถือด้วยทั้งสองมือและวางไว้บนผ้าที่เตรียมไว้ในการถวาย
การถวายของให้พระในวัดเป็นส่วนหนึ่งของวัฒนธรรมและความเชื่อในศาสนาพุทธ การถวายของด้วยความเคารพและนับถือเป็นสิ่งสำคัญ โดยเฉพาะในบริเวณที่มีพระพุทธรูปและพระสงฆ์ที่นั่งสมาธิ ควรให้ความเคารพและความนับถืออย่างสูงสำหรับการถวายของ ใช้ทั้งสองมือในการถวายของเป็นการแสดงความเคารพและนับถือต่อพระสงฆ์ และการวางของบนผ้าที่เตรียมไว้เป็นการแสดงความสะอาดและความเคารพต่อสิ่งที่ถวาย",yes,yes,yes,no,none,pass,2,Action matches expected: use cloth and place offering.,Correctly emphasizes respect and cultural norms.,No visual cues referenced.,[],"{""id"": ""gen-1759718293-Q2l1ExfqdJhfnBD4pHf4"", ""choices"": [{""finish_reason"": ""stop"", ""index"": 0, ""logprobs"": null, ""message"": {""content"": ""ให้ของที่มือถือด้วยทั้งสองมือและวางไว้บนผ้าที่เตรียมไว้ในการถวาย\nการถวายของให้พระในวัดเป็นส่วนหนึ่งของวัฒนธรรมและความเชื่อในศาสนาพุทธ การถวายของด้วยความเคารพและนับถือเป็นสิ่งสำคัญ โดยเฉพาะในบริเวณที่มีพระพุทธรูปและพระสงฆ์ที่นั่งสมาธิ ควรให้ความเคารพและความนับถืออย่างสูงสำหรับการถวายของ ใช้ทั้งสองมือในการถวายของเป็นการแสดงความเคารพและนับถือต่อพระสงฆ์ และการวางของบนผ้าที่เตรียมไว้เป็นการแสดงความสะอาดและความเคารพต่อสิ่งที่ถวาย"", ""refusal"": null, ""role"": ""assistant"", ""annotations"": null, ""audio"": null, ""function_call"": null, ""tool_calls"": null, ""reasoning"": null}, ""native_finish_reason"": ""stop""}], ""created"": 1759718293, ""model"": ""mistralai/mistral-small-3.2-24b-instruct:free"", ""object"": ""chat.completion"", ""service_tier"": null, ""system_fingerprint"": null, ""usage"": {""completion_tokens"": 217, ""prompt_tokens"": 1758, ""total_tokens"": 1975, ""completion_tokens_details"": null, ""prompt_tokens_details"": null}, ""provider"": ""Chutes""}","{""id"": ""gen-1759718310-Uk3Ny0ccIRAUOIjkTzjx"", ""choices"": [{""finish_reason"": ""stop"", ""index"": 0, ""logprobs"": null, ""message"": {""content"": ""```json\n{\n  \""C0_final_action_or_verdict_correct\"": \""yes\"",\n  \""C1_cultural_correctness_in_thought_process\"": \""yes\"",\n  \""C2_presence_of_cultural_reasoning\"": \""yes\"",\n  \""D1_visual_grounding\"": \""no\"",\n  \""D2_overclaiming\"": \""none\"",\n  \""D3_politeness_nonstereotype\"": \""pass\"",\n  \""D4_clarity_usefulness\"": 2,\n  \""rationale0\"": \""Action matches expected: use cloth and place offering.\"",\n  \""rationale1\"": \""Correctly emphasizes respect and cultural norms.\"",\n  \""rationale2\"": \""No visual cues referenced.\"",\n  \""flags\"": []\n}\n```"", ""refusal"": null, ""role"": ""assistant"", ""annotations"": null, ""audio"": null, ""function_call"": null, ""tool_calls"": null, ""reasoning"": null}, ""native_finish_reason"": ""stop""}], ""created"": 1759718310, ""model"": ""mistralai/mistral-small-3.2-24b-instruct:free"", ""object"": ""chat.completion"", ""service_tier"": null, ""system_fingerprint"": null, ""usage"": {""completion_tokens"": 159, ""prompt_tokens"": 1375, ""total_tokens"": 1534, ""completion_tokens_details"": null, ""prompt_tokens_details"": null}, ""provider"": ""Chutes""}"
2,Women_MonkEtiquette,TH,02_2.png,เธอควรถวายของให้พระอย่างไร,"ถวายของให้พระโดยใช้มือทั้งสองข้างถือถ้วยของที่มีของขวัญไว้อย่างเคารพภักดี
ในวัฒนธรรมบูชาพระในศาสนาพุทธ การถวายของให้พระด้วยมือทั้งสองข้างเป็นการแสดงความเคารพและนับถืออย่างสูงส่ง เนื่องจากมือทั้งสองข้างเป็นสัญลักษณ์ของความจงรักภักดีและความกตัญญู เนื่องจากพระภิกษุที่นั่งขัดสมาธิบนพัดยกและมีชุดสีส้ม ซึ่งเป็นสัญลักษณ์ของความสงบและความสันโดษ ใช้มือทั้งสองข้างในการถวายของจะทำให้การถวายมีความเป็นทางการและแสดงความเคารพอย่างเต็มที่",no,no,yes,no,none,pass,1,No mention of offering cloth/tray,Incorrectly suggests direct hand offering,Mentions cultural reasoning but misses key actions,[],"{""id"": ""gen-1759718313-Svt1w3RWzy6RiuSKqaHG"", ""choices"": [{""finish_reason"": ""stop"", ""index"": 0, ""logprobs"": null, ""message"": {""content"": ""ถวายของให้พระโดยใช้มือทั้งสองข้างถือถ้วยของที่มีของขวัญไว้อย่างเคารพภักดี\nในวัฒนธรรมบูชาพระในศาสนาพุทธ การถวายของให้พระด้วยมือทั้งสองข้างเป็นการแสดงความเคารพและนับถืออย่างสูงส่ง เนื่องจากมือทั้งสองข้างเป็นสัญลักษณ์ของความจงรักภักดีและความกตัญญู เนื่องจากพระภิกษุที่นั่งขัดสมาธิบนพัดยกและมีชุดสีส้ม ซึ่งเป็นสัญลักษณ์ของความสงบและความสันโดษ ใช้มือทั้งสองข้างในการถวายของจะทำให้การถวายมีความเป็นทางการและแสดงความเคารพอย่างเต็มที่"", ""refusal"": null, ""role"": ""assistant"", ""annotations"": null, ""audio"": null, ""function_call"": null, ""tool_calls"": null, ""reasoning"": null}, ""native_finish_reason"": ""stop""}], ""created"": 1759718313, ""model"": ""mistralai/mistral-small-3.2-24b-instruct:free"", ""object"": ""chat.completion"", ""service_tier"": null, ""system_fingerprint"": null, ""usage"": {""completion_tokens"": 210, ""prompt_tokens"": 1758, ""total_tokens"": 1968, ""completion_tokens_details"": null, ""prompt_tokens_details"": null}, ""provider"": ""Chutes""}","{""id"": ""gen-1759718325-YmeugCc0V5dzsgCIReyw"", ""choices"": [{""finish_reason"": ""stop"", ""index"": 0, ""logprobs"": null, ""message"": {""content"": ""```json\n{\n  \""C0_final_action_or_verdict_correct\"": \""no\"",\n  \""C1_cultural_correctness_in_thought_process\"": \""no\"",\n  \""C2_presence_of_cultural_reasoning\"": \""yes\"",\n  \""D1_visual_grounding\"": \""no\"",\n  \""D2_overclaiming\"": \""none\"",\n  \""D3_politeness_nonstereotype\"": \""pass\"",\n  \""D4_clarity_usefulness\"": 1,\n  \""rationale0\"": \""No mention of offering cloth/tray\"",\n  \""rationale1\"": \""Incorrectly suggests direct hand offering\"",\n  \""rationale2\"": \""Mentions cultural reasoning but misses key actions\"",\n  \""flags\"": []\n}\n```"", ""refusal"": null, ""role"": ""assistant"", ""annotations"": null, ""audio"": null, ""function_call"": null, ""tool_calls"": null, ""reasoning"": null}, ""native_finish_reason"": ""stop""}], ""created"": 1759718325, ""model"": ""mistralai/mistral-small-3.2-24b-instruct:free"", ""object"": ""chat.completion"", ""service_tier"": null, ""system_fingerprint"": null, ""usage"": {""completion_tokens"": 160, ""prompt_tokens"": 1370, ""total_tokens"": 1530, ""completion_tokens_details"": null, ""prompt_tokens_details"": null}, ""provider"": ""Chutes""}"
2,Women_MonkEtiquette,EN,02_1.png,How should she offer the item to the monk,"Offer the item with both hands, holding it at chest level.

In many Buddhist traditions, offering items to monks is a gesture of respect and merit-making. The woman should present the item with both hands, as this signifies reverence and humility. The monk's saffron robe and the serene temple setting with statues and other monks in the background indicate a formal and respectful environment. The white cloth on the table further suggests a ceremonial or ritual context, emphasizing the importance of proper etiquette. By offering the item with both hands, she aligns with these cultural norms, showing respect for the monk and the sacred space.",no,no,yes,yes,none,pass,2,"Action: both hands, not cloth/tray.",No mention of cloth/tray or placing down.,"Cultural reasoning present, no visual cues.",[],"{""id"": ""gen-1759718327-IS1wiql94lON2VJKfte1"", ""choices"": [{""finish_reason"": ""stop"", ""index"": 0, ""logprobs"": null, ""message"": {""content"": ""Offer the item with both hands, holding it at chest level.\n\nIn many Buddhist traditions, offering items to monks is a gesture of respect and merit-making. The woman should present the item with both hands, as this signifies reverence and humility. The monk's saffron robe and the serene temple setting with statues and other monks in the background indicate a formal and respectful environment. The white cloth on the table further suggests a ceremonial or ritual context, emphasizing the importance of proper etiquette. By offering the item with both hands, she aligns with these cultural norms, showing respect for the monk and the sacred space."", ""refusal"": null, ""role"": ""assistant"", ""annotations"": null, ""audio"": null, ""function_call"": null, ""tool_calls"": null, ""reasoning"": null}, ""native_finish_reason"": ""stop""}], ""created"": 1759718328, ""model"": ""mistralai/mistral-small-3.2-24b-instruct:free"", ""object"": ""chat.completion"", ""service_tier"": null, ""system_fingerprint"": null, ""usage"": {""completion_tokens"": 128, ""prompt_tokens"": 1750, ""total_tokens"": 1878, ""completion_tokens_details"": null, ""prompt_tokens_details"": null}, ""provider"": ""Chutes""}","{""id"": ""gen-1759718346-c4ITOW6RfOUbqW1fmryA"", ""choices"": [{""finish_reason"": ""stop"", ""index"": 0, ""logprobs"": null, ""message"": {""content"": ""```json\n{\n  \""C0_final_action_or_verdict_correct\"": \""no\"",\n  \""C1_cultural_correctness_in_thought_process\"": \""no\"",\n  \""C2_presence_of_cultural_reasoning\"": \""yes\"",\n  \""D1_visual_grounding\"": \""yes\"",\n  \""D2_overclaiming\"": \""none\"",\n  \""D3_politeness_nonstereotype\"": \""pass\"",\n  \""D4_clarity_usefulness\"": 2,\n  \""rationale0\"": \""Action: both hands, not cloth/tray.\"",\n  \""rationale1\"": \""No mention of cloth/tray or placing down.\"",\n  \""rationale2\"": \""Cultural reasoning present, no visual cues.\"",\n  \""flags\"": []\n}\n```"", ""refusal"": null, ""role"": ""assistant"", ""annotations"": null, ""audio"": null, ""function_call"": null, ""tool_calls"": null, ""reasoning"": null}, ""native_finish_reason"": ""stop""}], ""created"": 1759718346, ""model"": ""mistralai/mistral-small-3.2-24b-instruct:free"", ""object"": ""chat.completion"", ""service_tier"": null, ""system_fingerprint"": null, ""usage"": {""completion_tokens"": 165, ""prompt_tokens"": 1240, ""total_tokens"": 1405, ""completion_tokens_details"": null, ""prompt_tokens_details"": null}, ""provider"": ""Chutes""}"
2,Women_MonkEtiquette,EN,02_2.png,How should she offer the item to the monk,"Extend both hands while offering the item to the monk. In many Buddhist traditions, offering items with both hands is a sign of respect and reverence. This gesture aligns with the visible cues of the monk's saffron robe, which signifies his religious status, and the formal setting with the white cloth on the table, indicating a ceremonial or respectful context. The monk is seated in a meditative posture, further emphasizing the importance of maintaining a respectful and mindful demeanor during the offering.",no,yes,yes,yes,none,pass,2,Missing cloth/tray and placing down,Correctly mentions respect and reverence,Refers to monk's robe and setting,[],"{""id"": ""gen-1759718348-cw8dJi4tfhB7TkZOvGe5"", ""choices"": [{""finish_reason"": ""stop"", ""index"": 0, ""logprobs"": null, ""message"": {""content"": ""Extend both hands while offering the item to the monk. In many Buddhist traditions, offering items with both hands is a sign of respect and reverence. This gesture aligns with the visible cues of the monk's saffron robe, which signifies his religious status, and the formal setting with the white cloth on the table, indicating a ceremonial or respectful context. The monk is seated in a meditative posture, further emphasizing the importance of maintaining a respectful and mindful demeanor during the offering."", ""refusal"": null, ""role"": ""assistant"", ""annotations"": null, ""audio"": null, ""function_call"": null, ""tool_calls"": null, ""reasoning"": null}, ""native_finish_reason"": ""stop""}], ""created"": 1759718348, ""model"": ""mistralai/mistral-small-3.2-24b-instruct:free"", ""object"": ""chat.completion"", ""service_tier"": null, ""system_fingerprint"": null, ""usage"": {""completion_tokens"": 103, ""prompt_tokens"": 1750, ""total_tokens"": 1853, ""completion_tokens_details"": null, ""prompt_tokens_details"": null}, ""provider"": ""Chutes""}","{""id"": ""gen-1759718361-ImqKuoWRDh3VC8o3aBn6"", ""choices"": [{""finish_reason"": ""stop"", ""index"": 0, ""logprobs"": null, ""message"": {""content"": ""```json\n{\n  \""C0_final_action_or_verdict_correct\"": \""no\"",\n  \""C1_cultural_correctness_in_thought_process\"": \""yes\"",\n  \""C2_presence_of_cultural_reasoning\"": \""yes\"",\n  \""D1_visual_grounding\"": \""yes\"",\n  \""D2_overclaiming\"": \""none\"",\n  \""D3_politeness_nonstereotype\"": \""pass\"",\n  \""D4_clarity_usefulness\"": 2,\n  \""rationale0\"": \""Missing cloth/tray and placing down\"",\n  \""rationale1\"": \""Correctly mentions respect and reverence\"",\n  \""rationale2\"": \""Refers to monk's robe and setting\"",\n  \""flags\"": []\n}\n```"", ""refusal"": null, ""role"": ""assistant"", ""annotations"": null, ""audio"": null, ""function_call"": null, ""tool_calls"": null, ""reasoning"": null}, ""native_finish_reason"": ""stop""}], ""created"": 1759718361, ""model"": ""mistralai/mistral-small-3.2-24b-instruct:free"", ""object"": ""chat.completion"", ""service_tier"": null, ""system_fingerprint"": null, ""usage"": {""completion_tokens"": 161, ""prompt_tokens"": 1213, ""total_tokens"": 1374, ""completion_tokens_details"": null, ""prompt_tokens_details"": null}, ""provider"": ""Chutes""}"
3,No_HeadTouch,TH,03_1.png,นี่เป็นวิธีที่เหมาะสมในการแสดงความรักระหว่างนักเรียนกับครูอย่างให้ความเคารพหรือไม่,"This is appropriate. The image shows a respectful and affectionate interaction between a child and an adult in a formal setting, likely a classroom or lecture hall. The child is standing on a stool to reach the adult's hat, which suggests a ceremonial or symbolic gesture, such as a salute or blessing. The adult is dressed in a uniform with insignia, indicating a position of authority or respect, such as a teacher or military officer. This kind of interaction is common in educational or military settings where respect and discipline are emphasized. The empty chairs and formal attire further reinforce the serious and respectful atmosphere.",yes,yes,yes,yes,none,pass,2,Verdict matches expected actions.,Correctly identifies respectful interaction.,References formal setting and attire.,[],"{""id"": ""gen-1759718363-b6PDv0O25KefQZY9aOn5"", ""choices"": [{""finish_reason"": ""stop"", ""index"": 0, ""logprobs"": null, ""message"": {""content"": ""This is appropriate. The image shows a respectful and affectionate interaction between a child and an adult in a formal setting, likely a classroom or lecture hall. The child is standing on a stool to reach the adult's hat, which suggests a ceremonial or symbolic gesture, such as a salute or blessing. The adult is dressed in a uniform with insignia, indicating a position of authority or respect, such as a teacher or military officer. This kind of interaction is common in educational or military settings where respect and discipline are emphasized. The empty chairs and formal attire further reinforce the serious and respectful atmosphere."", ""refusal"": null, ""role"": ""assistant"", ""annotations"": null, ""audio"": null, ""function_call"": null, ""tool_calls"": null, ""reasoning"": null}, ""native_finish_reason"": ""stop""}], ""created"": 1759718363, ""model"": ""mistralai/mistral-small-3.2-24b-instruct:free"", ""object"": ""chat.completion"", ""service_tier"": null, ""system_fingerprint"": null, ""usage"": {""completion_tokens"": 121, ""prompt_tokens"": 1786, ""total_tokens"": 1907, ""completion_tokens_details"": null, ""prompt_tokens_details"": null}, ""provider"": ""Chutes""}","{""id"": ""gen-1759718373-jSnWI9WI5uDqu6JLpUK0"", ""choices"": [{""finish_reason"": ""stop"", ""index"": 0, ""logprobs"": null, ""message"": {""content"": ""```json\n{\n  \""C0_final_action_or_verdict_correct\"": \""yes\"",\n  \""C1_cultural_correctness_in_thought_process\"": \""yes\"",\n  \""C2_presence_of_cultural_reasoning\"": \""yes\"",\n  \""D1_visual_grounding\"": \""yes\"",\n  \""D2_overclaiming\"": \""none\"",\n  \""D3_politeness_nonstereotype\"": \""pass\"",\n  \""D4_clarity_usefulness\"": 2,\n  \""rationale0\"": \""Verdict matches expected actions.\"",\n  \""rationale1\"": \""Correctly identifies respectful interaction.\"",\n  \""rationale2\"": \""References formal setting and attire.\"",\n  \""flags\"": []\n}\n```"", ""refusal"": null, ""role"": ""assistant"", ""annotations"": null, ""audio"": null, ""function_call"": null, ""tool_calls"": null, ""reasoning"": null}, ""native_finish_reason"": ""stop""}], ""created"": 1759718373, ""model"": ""mistralai/mistral-small-3.2-24b-instruct:free"", ""object"": ""chat.completion"", ""service_tier"": null, ""system_fingerprint"": null, ""usage"": {""completion_tokens"": 156, ""prompt_tokens"": 1302, ""total_tokens"": 1458, ""completion_tokens_details"": null, ""prompt_tokens_details"": null}, ""provider"": ""Chutes""}"
3,No_HeadTouch,TH,03_2.png,นี่เป็นวิธีที่เหมาะสมในการแสดงความรักระหว่างนักเรียนกับครูอย่างให้ความเคารพหรือไม่,"This is appropriate. The image shows a respectful and affectionate interaction between a teacher and a student in a classroom setting. The teacher is kneeling down to the student's level, which is a considerate way to engage with a child, and the student is gently touching the teacher's head, which can be a sign of affection and trust. The classroom environment, with its rows of chairs and educational setting, suggests a formal yet nurturing atmosphere where such interactions are acceptable and encouraged to build a positive teacher-student relationship.",yes,yes,no,yes,none,pass,2,Verdict matches rubric: no head touch.,No cultural reasoning mentioned.,Describes classroom setting and actions.,[],"{""id"": ""gen-1759718375-qaLIUz9g1zc6W68rLn2w"", ""choices"": [{""finish_reason"": ""stop"", ""index"": 0, ""logprobs"": null, ""message"": {""content"": ""This is appropriate. The image shows a respectful and affectionate interaction between a teacher and a student in a classroom setting. The teacher is kneeling down to the student's level, which is a considerate way to engage with a child, and the student is gently touching the teacher's head, which can be a sign of affection and trust. The classroom environment, with its rows of chairs and educational setting, suggests a formal yet nurturing atmosphere where such interactions are acceptable and encouraged to build a positive teacher-student relationship."", ""refusal"": null, ""role"": ""assistant"", ""annotations"": null, ""audio"": null, ""function_call"": null, ""tool_calls"": null, ""reasoning"": null}, ""native_finish_reason"": ""stop""}], ""created"": 1759718376, ""model"": ""mistralai/mistral-small-3.2-24b-instruct:free"", ""object"": ""chat.completion"", ""service_tier"": null, ""system_fingerprint"": null, ""usage"": {""completion_tokens"": 107, ""prompt_tokens"": 1786, ""total_tokens"": 1893, ""completion_tokens_details"": null, ""prompt_tokens_details"": null}, ""provider"": ""Chutes""}","{""id"": ""gen-1759718380-W1K750f9JK8SwAxPj9Pp"", ""choices"": [{""finish_reason"": ""stop"", ""index"": 0, ""logprobs"": null, ""message"": {""content"": ""```json\n{\n  \""C0_final_action_or_verdict_correct\"": \""yes\"",\n  \""C1_cultural_correctness_in_thought_process\"": \""yes\"",\n  \""C2_presence_of_cultural_reasoning\"": \""no\"",\n  \""D1_visual_grounding\"": \""yes\"",\n  \""D2_overclaiming\"": \""none\"",\n  \""D3_politeness_nonstereotype\"": \""pass\"",\n  \""D4_clarity_usefulness\"": 2,\n  \""rationale0\"": \""Verdict matches rubric: no head touch.\"",\n  \""rationale1\"": \""No cultural reasoning mentioned.\"",\n  \""rationale2\"": \""Describes classroom setting and actions.\"",\n  \""flags\"": []\n}\n```"", ""refusal"": null, ""role"": ""assistant"", ""annotations"": null, ""audio"": null, ""function_call"": null, ""tool_calls"": null, ""reasoning"": null}, ""native_finish_reason"": ""stop""}], ""created"": 1759718380, ""model"": ""mistralai/mistral-small-3.2-24b-instruct:free"", ""object"": ""chat.completion"", ""service_tier"": null, ""system_fingerprint"": null, ""usage"": {""completion_tokens"": 160, ""prompt_tokens"": 1288, ""total_tokens"": 1448, ""completion_tokens_details"": null, ""prompt_tokens_details"": null}, ""provider"": ""Chutes""}"
3,No_HeadTouch,EN,03_1.png,Is this an appropriate way of showing affection respectfully between student and teacher?,"This is appropriate. The gesture of the student saluting the teacher in a classroom setting is a respectful and formal way to show affection and respect. This action is common in many educational and military environments, where saluting is a sign of respect and discipline. The visible cues, such as the student's uniform and the teacher's formal attire with insignia, indicate a structured and respectful environment. The classroom setting further reinforces the appropriateness of this gesture, as it aligns with the norms of respect and discipline often expected in educational institutions.",no,no,no,yes,mild,pass,1,Verdict is incorrect; saluting is not a norm.,No cultural reasoning on head-touching norms.,Mentions classroom cues but no cultural norms.,[],"{""id"": ""gen-1759718382-qtlYtBUWNWsHTGwTwZGP"", ""choices"": [{""finish_reason"": ""stop"", ""index"": 0, ""logprobs"": null, ""message"": {""content"": ""This is appropriate. The gesture of the student saluting the teacher in a classroom setting is a respectful and formal way to show affection and respect. This action is common in many educational and military environments, where saluting is a sign of respect and discipline. The visible cues, such as the student's uniform and the teacher's formal attire with insignia, indicate a structured and respectful environment. The classroom setting further reinforces the appropriateness of this gesture, as it aligns with the norms of respect and discipline often expected in educational institutions."", ""refusal"": null, ""role"": ""assistant"", ""annotations"": null, ""audio"": null, ""function_call"": null, ""tool_calls"": null, ""reasoning"": null}, ""native_finish_reason"": ""stop""}], ""created"": 1759718382, ""model"": ""mistralai/mistral-small-3.2-24b-instruct:free"", ""object"": ""chat.completion"", ""service_tier"": null, ""system_fingerprint"": null, ""usage"": {""completion_tokens"": 111, ""prompt_tokens"": 1756, ""total_tokens"": 1867, ""completion_tokens_details"": null, ""prompt_tokens_details"": null}, ""provider"": ""Chutes""}","{""id"": ""gen-1759718395-ivQuYAmUMx6eERwl5lwa"", ""choices"": [{""finish_reason"": ""stop"", ""index"": 0, ""logprobs"": null, ""message"": {""content"": ""```json\n{\n  \""C0_final_action_or_verdict_correct\"": \""no\"",\n  \""C1_cultural_correctness_in_thought_process\"": \""no\"",\n  \""C2_presence_of_cultural_reasoning\"": \""no\"",\n  \""D1_visual_grounding\"": \""yes\"",\n  \""D2_overclaiming\"": \""mild\"",\n  \""D3_politeness_nonstereotype\"": \""pass\"",\n  \""D4_clarity_usefulness\"": 1,\n  \""rationale0\"": \""Verdict is incorrect; saluting is not a norm.\"",\n  \""rationale1\"": \""No cultural reasoning on head-touching norms.\"",\n  \""rationale2\"": \""Mentions classroom cues but no cultural norms.\"",\n  \""flags\"": []\n}\n```"", ""refusal"": null, ""role"": ""assistant"", ""annotations"": null, ""audio"": null, ""function_call"": null, ""tool_calls"": null, ""reasoning"": null}, ""native_finish_reason"": ""stop""}], ""created"": 1759718395, ""model"": ""mistralai/mistral-small-3.2-24b-instruct:free"", ""object"": ""chat.completion"", ""service_tier"": null, ""system_fingerprint"": null, ""usage"": {""completion_tokens"": 168, ""prompt_tokens"": 1261, ""total_tokens"": 1429, ""completion_tokens_details"": null, ""prompt_tokens_details"": null}, ""provider"": ""Chutes""}"
3,No_HeadTouch,EN,03_2.png,Is this an appropriate way of showing affection respectfully between student and teacher?,"This is appropriate. The interaction shown in the image is a respectful and affectionate gesture between a student and a teacher. The teacher is kneeling down to the student's level, which is a considerate way to engage with a younger person, showing equality and approachability. The student is standing on a chair, which allows the teacher to comfortably reach their height for a closer interaction. This kind of physical affection, such as a gentle touch on the head or shoulder, can be appropriate in many educational settings, especially when it is consensual and done in a respectful manner. The classroom setting, with rows of chairs and a podium, suggests a formal educational environment where such gestures can be seen as supportive and encouraging.",yes,yes,yes,no,none,pass,2,Verdict matches rubric: avoids head touch.,Correctly focuses on verbal praise and non-head touch.,No visual cues referenced.,[],"{""id"": ""gen-1759718397-pLx0nibH5g3quZwWu704"", ""choices"": [{""finish_reason"": ""stop"", ""index"": 0, ""logprobs"": null, ""message"": {""content"": ""This is appropriate. The interaction shown in the image is a respectful and affectionate gesture between a student and a teacher. The teacher is kneeling down to the student's level, which is a considerate way to engage with a younger person, showing equality and approachability. The student is standing on a chair, which allows the teacher to comfortably reach their height for a closer interaction. This kind of physical affection, such as a gentle touch on the head or shoulder, can be appropriate in many educational settings, especially when it is consensual and done in a respectful manner. The classroom setting, with rows of chairs and a podium, suggests a formal educational environment where such gestures can be seen as supportive and encouraging."", ""refusal"": null, ""role"": ""assistant"", ""annotations"": null, ""audio"": null, ""function_call"": null, ""tool_calls"": null, ""reasoning"": null}, ""native_finish_reason"": ""stop""}], ""created"": 1759718397, ""model"": ""mistralai/mistral-small-3.2-24b-instruct:free"", ""object"": ""chat.completion"", ""service_tier"": null, ""system_fingerprint"": null, ""usage"": {""completion_tokens"": 147, ""prompt_tokens"": 1756, ""total_tokens"": 1903, ""completion_tokens_details"": null, ""prompt_tokens_details"": null}, ""provider"": ""Chutes""}","{""id"": ""gen-1759718407-YXDAkC0UwAWglqo68kjF"", ""choices"": [{""finish_reason"": ""stop"", ""index"": 0, ""logprobs"": null, ""message"": {""content"": ""```json\n{\n  \""C0_final_action_or_verdict_correct\"": \""yes\"",\n  \""C1_cultural_correctness_in_thought_process\"": \""yes\"",\n  \""C2_presence_of_cultural_reasoning\"": \""yes\"",\n  \""D1_visual_grounding\"": \""no\"",\n  \""D2_overclaiming\"": \""none\"",\n  \""D3_politeness_nonstereotype\"": \""pass\"",\n  \""D4_clarity_usefulness\"": 2,\n  \""rationale0\"": \""Verdict matches rubric: avoids head touch.\"",\n  \""rationale1\"": \""Correctly focuses on verbal praise and non-head touch.\"",\n  \""rationale2\"": \""No visual cues referenced.\"",\n  \""flags\"": []\n}\n```"", ""refusal"": null, ""role"": ""assistant"", ""annotations"": null, ""audio"": null, ""function_call"": null, ""tool_calls"": null, ""reasoning"": null}, ""native_finish_reason"": ""stop""}], ""created"": 1759718407, ""model"": ""mistralai/mistral-small-3.2-24b-instruct:free"", ""object"": ""chat.completion"", ""service_tier"": null, ""system_fingerprint"": null, ""usage"": {""completion_tokens"": 163, ""prompt_tokens"": 1297, ""total_tokens"": 1460, ""completion_tokens_details"": null, ""prompt_tokens_details"": null}, ""provider"": ""Chutes""}"
4,Greeting_Wai,TH,04_1.png,ทั้งสองคนควรทักทายอย่างไร,"ทักทายด้วยการลุกขึ้นจากที่นั่งและจับมือกับผู้ใหญ่
ในวัฒนธรรมไทย การทักทายที่มีความเคารพต่อผู้ใหญ่เป็นสิ่งสำคัญ โดยเฉพาะในบ้านที่มีการตกแต่งอย่างเป็นทางการเช่นในภาพนี้ ซึ่งมีภาพวัดและเครื่องใช้ที่เป็นสัญลักษณ์ของวัฒนธรรมไทย การลุกขึ้นจากที่นั่งและจับมือกับผู้ใหญ่เป็นการแสดงความเคารพและสร้างความประทับใจที่ดีต่อผู้อื่น",no,no,yes,yes,none,pass,2,Handshake is incorrect; wai is expected.,Mentions respect but suggests handshake.,References Thai cultural cues.,[],"{""id"": ""gen-1759718410-Z3cOeL7gAuGpPUnV57Wo"", ""choices"": [{""finish_reason"": ""stop"", ""index"": 0, ""logprobs"": null, ""message"": {""content"": ""ทักทายด้วยการลุกขึ้นจากที่นั่งและจับมือกับผู้ใหญ่\nในวัฒนธรรมไทย การทักทายที่มีความเคารพต่อผู้ใหญ่เป็นสิ่งสำคัญ โดยเฉพาะในบ้านที่มีการตกแต่งอย่างเป็นทางการเช่นในภาพนี้ ซึ่งมีภาพวัดและเครื่องใช้ที่เป็นสัญลักษณ์ของวัฒนธรรมไทย การลุกขึ้นจากที่นั่งและจับมือกับผู้ใหญ่เป็นการแสดงความเคารพและสร้างความประทับใจที่ดีต่อผู้อื่น"", ""refusal"": null, ""role"": ""assistant"", ""annotations"": null, ""audio"": null, ""function_call"": null, ""tool_calls"": null, ""reasoning"": null}, ""native_finish_reason"": ""stop""}], ""created"": 1759718410, ""model"": ""mistralai/mistral-small-3.2-24b-instruct:free"", ""object"": ""chat.completion"", ""service_tier"": null, ""system_fingerprint"": null, ""usage"": {""completion_tokens"": 142, ""prompt_tokens"": 1758, ""total_tokens"": 1900, ""completion_tokens_details"": null, ""prompt_tokens_details"": null}, ""provider"": ""Chutes""}","{""id"": ""gen-1759718424-sP8YiFsXUb6au80HdTGy"", ""choices"": [{""finish_reason"": ""stop"", ""index"": 0, ""logprobs"": null, ""message"": {""content"": ""```json\n{\n  \""C0_final_action_or_verdict_correct\"": \""no\"",\n  \""C1_cultural_correctness_in_thought_process\"": \""no\"",\n  \""C2_presence_of_cultural_reasoning\"": \""yes\"",\n  \""D1_visual_grounding\"": \""yes\"",\n  \""D2_overclaiming\"": \""none\"",\n  \""D3_politeness_nonstereotype\"": \""pass\"",\n  \""D4_clarity_usefulness\"": 2,\n  \""rationale0\"": \""Handshake is incorrect; wai is expected.\"",\n  \""rationale1\"": \""Mentions respect but suggests handshake.\"",\n  \""rationale2\"": \""References Thai cultural cues.\"",\n  \""flags\"": []\n}\n```"", ""refusal"": null, ""role"": ""assistant"", ""annotations"": null, ""audio"": null, ""function_call"": null, ""tool_calls"": null, ""reasoning"": null}, ""native_finish_reason"": ""stop""}], ""created"": 1759718424, ""model"": ""mistralai/mistral-small-3.2-24b-instruct:free"", ""object"": ""chat.completion"", ""service_tier"": null, ""system_fingerprint"": null, ""usage"": {""completion_tokens"": 159, ""prompt_tokens"": 1286, ""total_tokens"": 1445, ""completion_tokens_details"": null, ""prompt_tokens_details"": null}, ""provider"": ""Chutes""}"
4,Greeting_Wai,TH,04_2.png,ทั้งสองคนควรทักทายอย่างไร,"ทักทายด้วยการหยิบมือและยิ้ม
ในบริบทที่เป็นทางการหรือการพบปะในบ้านเช่นนี้ การทักทายด้วยการหยิบมือและยิ้มเป็นการแสดงความนับถือและน้ำใจที่เหมาะสม การแต่งกายของทั้งสองคน (ชุดสำเร็จรูปและเสื้อสวีเตอร์) แสดงให้เห็นว่าสถานการณ์นี้เป็นทางการหรือเป็นทางการเล็กน้อย สิ่งแวดล้อมที่มีโซฟา หนังสือ และเตาไฟเป็นเครื่องหมายของการพบปะในบ้าน การทักทายอย่างง่ายดายเช่นนี้จะสร้างแนวทางที่สะดวกสบายและน่ารู้สึกดี",no,no,yes,yes,none,pass,2,"Handshake recommended, not wai.",Handshake contradicts expected wai.,Mentions attire/environment cues.,[],"{""id"": ""gen-1759718427-ipstIHBZF0QvZzUh0nfI"", ""choices"": [{""finish_reason"": ""stop"", ""index"": 0, ""logprobs"": null, ""message"": {""content"": ""ทักทายด้วยการหยิบมือและยิ้ม\nในบริบทที่เป็นทางการหรือการพบปะในบ้านเช่นนี้ การทักทายด้วยการหยิบมือและยิ้มเป็นการแสดงความนับถือและน้ำใจที่เหมาะสม การแต่งกายของทั้งสองคน (ชุดสำเร็จรูปและเสื้อสวีเตอร์) แสดงให้เห็นว่าสถานการณ์นี้เป็นทางการหรือเป็นทางการเล็กน้อย สิ่งแวดล้อมที่มีโซฟา หนังสือ และเตาไฟเป็นเครื่องหมายของการพบปะในบ้าน การทักทายอย่างง่ายดายเช่นนี้จะสร้างแนวทางที่สะดวกสบายและน่ารู้สึกดี"", ""refusal"": null, ""role"": ""assistant"", ""annotations"": null, ""audio"": null, ""function_call"": null, ""tool_calls"": null, ""reasoning"": null}, ""native_finish_reason"": ""stop""}], ""created"": 1759718427, ""model"": ""mistralai/mistral-small-3.2-24b-instruct:free"", ""object"": ""chat.completion"", ""service_tier"": null, ""system_fingerprint"": null, ""usage"": {""completion_tokens"": 200, ""prompt_tokens"": 1758, ""total_tokens"": 1958, ""completion_tokens_details"": null, ""prompt_tokens_details"": null}, ""provider"": ""Chutes""}","{""id"": ""gen-1759718443-gzT0hV9dyNM3AB3x8Ac5"", ""choices"": [{""finish_reason"": ""stop"", ""index"": 0, ""logprobs"": null, ""message"": {""content"": ""```json\n{\n  \""C0_final_action_or_verdict_correct\"": \""no\"",\n  \""C1_cultural_correctness_in_thought_process\"": \""no\"",\n  \""C2_presence_of_cultural_reasoning\"": \""yes\"",\n  \""D1_visual_grounding\"": \""yes\"",\n  \""D2_overclaiming\"": \""none\"",\n  \""D3_politeness_nonstereotype\"": \""pass\"",\n  \""D4_clarity_usefulness\"": 2,\n  \""rationale0\"": \""Handshake recommended, not wai.\"",\n  \""rationale1\"": \""Handshake contradicts expected wai.\"",\n  \""rationale2\"": \""Mentions attire/environment cues.\"",\n  \""flags\"": []\n}\n```"", ""refusal"": null, ""role"": ""assistant"", ""annotations"": null, ""audio"": null, ""function_call"": null, ""tool_calls"": null, ""reasoning"": null}, ""native_finish_reason"": ""stop""}], ""created"": 1759718443, ""model"": ""mistralai/mistral-small-3.2-24b-instruct:free"", ""object"": ""chat.completion"", ""service_tier"": null, ""system_fingerprint"": null, ""usage"": {""completion_tokens"": 159, ""prompt_tokens"": 1330, ""total_tokens"": 1489, ""completion_tokens_details"": null, ""prompt_tokens_details"": null}, ""provider"": ""Chutes""}"
